file,change
src/get-rid-of-mattress-memphis-tn.md,Removed link: [mattress topper](https://www.abedderworld.com/natural-latex-mattress-toppers.html/) -> mattress topper
src/get-rid-of-mattress-memphis-tn.md,Removed link: [metal bed frame](https://www.abedderworld.com/metal-adjustable-bed-frame.html/) -> metal bed frame
src/get-rid-of-mattress-memphis-tn.md,Removed link: [3/4 beds](https://www.abedderworld.com/best-three-quarter-mattresses-to-buy-online.html/) -> 3/4 beds
src/get-rid-of-mattress-memphis-tn.md,Removed link: [olympic queens](https://www.abedderworld.com/best-olympic-queen-mattresses.html/) -> olympic queens
src/get-rid-of-mattress-memphis-tn.md,Removed link: [cot](https://www.abedderworld.com/cot-mattress.html/) -> cot
src/get-rid-of-mattress-memphis-tn.md,Removed link: [full xl](https://www.abedderworld.com/best-full-xl-mattresses.html/) -> full xl
src/bed-frame-disposal.md,Removed link: [metal bed frames](https://www.abedderworld.com/metal-adjustable-bed-frame.html/) -> metal bed frames
src/bed-frame-disposal.md,Removed link: [cot mattress.](https://www.abedderworld.com/cot-mattress.html/) -> cot mattress.
src/bed-frame-disposal.md,"Removed link: [fold up beds,](https://www.abedderworld.com/fold-up-bed.html/) -> fold up beds,"
src/bed-frame-disposal.md,Removed link: [Bed Slats](https://www.abedderworld.com/bed-slats.html/) -> Bed Slats
src/bed-frame-disposal.md,Removed link: [Bed frames](https://www.abedderworld.com/low-bed-frames.html/) -> Bed frames
src/bed-frame-disposal.md,Removed link: [wood from a bed frame](https://www.abedderworld.com/wooden-rustic-platform-beds.html/) -> wood from a bed frame
src/bed-frame-disposal.md,Removed standalone URL: bed-slats.html
src/does-goodwill-take-mattresses-4-alternative-options.md,Removed link: [3/4](https://www.abedderworld.com/best-three-quarter-mattresses-to-buy-online.html/) -> 3/4
src/does-goodwill-take-mattresses-4-alternative-options.md,Removed link: [olympic queen](https://www.abedderworld.com/best-olympic-queen-mattresses.html/) -> olympic queen
src/does-goodwill-take-mattresses-4-alternative-options.md,Removed link: [narrow twin](https://www.abedderworld.com/cot-mattress.html/) -> narrow twin
src/does-goodwill-take-mattresses-4-alternative-options.md,Removed link: [full xl](https://www.abedderworld.com/best-full-xl-mattresses.html/) -> full xl
src/get-rid-of-a-mattress-in-vancouver.md,Removed link: [king size](https://www.abedderworld.com/king-size-memory-foam-mattress.html/) -> king size
src/futon-disposal.md,Removed link: [fold from a couch into a bed](https://www.abedderworld.com/fold-up-bed.html/) -> fold from a couch into a bed
src/blog/can-you-wash-a-bamboo-pillow.md,Removed link: [hypoallergenic](https://www.abedderworld.com/hypoallergenic-mattress.html/) -> hypoallergenic
src/blog/box-spring-alternatives.md,Removed link: [Bed slats](https://www.abedderworld.com/bed-slats.html/) -> Bed slats
src/blog/box-spring-alternatives.md,Removed link: [See Our Bed Slat Recommendations](https://www.abedderworld.com/bed-slats.html/) -> See Our Bed Slat Recommendations
src/blog/box-spring-alternatives.md,Removed link: [platform bed](https://www.abedderworld.com/low-bed-frames.html/) -> platform bed
src/blog/box-spring-alternatives.md,Removed link: [See Our Top Picks](https://www.abedderworld.com/low-bed-frames.html/) -> See Our Top Picks
src/blog/the-12-best-bed-frames-for-a-heavy-person-2023-we-tested-dozens.md,Removed link: [platform bed frame](https://www.abedderworld.com/low-bed-frames.html/) -> platform bed frame
src/blog/alternatives-for-thuma-beds.md,Removed link: [slats](https://www.abedderworld.com/bed-slats.html/) -> slats
src/blog/top-4-sofa-bed-mattress-replacement-options.md,Removed link: [natural latex](https://www.abedderworld.com/natural-latex-mattress-toppers.html/) -> natural latex
src/blog/top-4-sofa-bed-mattress-replacement-options.md,Removed link: [hypoallergenic](https://www.abedderworld.com/hypoallergenic-mattress.html/) -> hypoallergenic
src/blog/how-to-keep-a-mattress-topper-from-sliding.md,Removed link: [latex](https://www.abedderworld.com/natural-latex-mattress-toppers.html/) -> latex
src/blog/how-to-keep-a-mattress-topper-from-sliding.md,Removed link: [memory foam](https://www.abedderworld.com/gel-memory-foam-mattress-topper.html/) -> memory foam
src/blog/how-long-does-it-take-a-memory-foam-mattress-to-expand.md,Removed link: [firm mattresses](https://www.abedderworld.com/best-extra-firm-mattress.html/) -> firm mattresses
src/blog/mattresses-made-in-the-usa.md,Removed link: [extra firm](https://www.abedderworld.com/best-extra-firm-mattress.html/) -> extra firm
src/blog/mattresses-made-in-the-usa.md,Removed link: [hypoallergenic](https://www.abedderworld.com/hypoallergenic-mattress.html/) -> hypoallergenic
src/blog/mattress-extender.md,Removed link: [Hypoallergenic](https://www.abedderworld.com/hypoallergenic-mattress.html/) -> Hypoallergenic
src/blog/european-mattress-sizes.md,Removed link: [King size mattress](https://www.abedderworld.com/king-size-memory-foam-mattress.html/) -> King size mattress
src/blog/make-your-mattress-softer.md,Removed link: [mattress toppers](https://www.abedderworld.com/natural-latex-mattress-toppers.html/) -> mattress toppers
src/blog/make-your-mattress-softer.md,Removed link: [**Memory Foam Mattress Toppers:**](https://www.abedderworld.com/gel-memory-foam-mattress-topper.html/) -> **Memory Foam Mattress Toppers:**
src/blog/make-your-mattress-softer.md,Removed link: [firm mattress](https://www.abedderworld.com/best-extra-firm-mattress.html/) -> firm mattress
src/blog/is-there-fiberglass-in-zinus-mattresses.md,Removed link: [option made by any mattress](https://www.abedderworld.com/best-olympic-queen-mattresses.html/) -> option made by any mattress
src/blog/is-there-fiberglass-in-zinus-mattresses.md,Removed link: [mattress foams](https://www.abedderworld.com/king-size-memory-foam-mattress.html/) -> mattress foams
src/blog/memory-foam-mattress-cause-back-pain.md,Removed link: [memory foam mattress](https://www.abedderworld.com/king-size-memory-foam-mattress.html/) -> memory foam mattress
src/blog/how-to-raise-bed-higher-bed-risers-and-alternatives.md,Removed link: [adjustable bed frame](https://www.abedderworld.com/metal-adjustable-bed-frame.html/) -> adjustable bed frame
src/blog/how-to-raise-bed-higher-bed-risers-and-alternatives.md,Removed link: [Memory foam mattress toppers](https://www.abedderworld.com/gel-memory-foam-mattress-topper.html/) -> Memory foam mattress toppers
src/blog/non-squeak-quiet-bed-frames.md,Removed link: [Slats](https://www.abedderworld.com/bed-slats.html/) -> Slats
src/blog/non-squeak-quiet-bed-frames.md,Removed link: [platform bed frame](https://www.abedderworld.com/low-bed-frames.html/) -> platform bed frame
src/blog/how-to-put-together-a-bed-frame.md,Removed link: [metal bed frame](https://www.abedderworld.com/metal-adjustable-bed-frame.html/) -> metal bed frame
src/blog/how-to-put-together-a-bed-frame.md,Removed link: [slats](https://www.abedderworld.com/bed-slats.html/) -> slats
src/blog/5-sturdy-bed-frames-for-active-couples-2020.md,Removed link: [platform bed frame](https://www.abedderworld.com/low-bed-frames.html/) -> platform bed frame
src/blog/make-your-mattress-last-longer.md,Removed link: [**Latex Mattress Toppers**:](https://www.abedderworld.com/natural-latex-mattress-toppers.html/) -> **Latex Mattress Toppers**:
src/blog/make-your-mattress-last-longer.md,Removed link: [bed slats](https://www.abedderworld.com/bed-slats.html/) -> bed slats
src/blog/make-your-mattress-last-longer.md,Removed link: [**Memory Foam Mattress Toppers:**](https://www.abedderworld.com/gel-memory-foam-mattress-topper.html/) -> **Memory Foam Mattress Toppers:**
src/blog/make-your-mattress-last-longer.md,Removed link: [firm mattress](https://www.abedderworld.com/best-extra-firm-mattress.html/) -> firm mattress
src/blog/make-your-mattress-last-longer.md,Removed link: [firm mattress](https://www.abedderworld.com/best-extra-firm-mattress.html/) -> firm mattress
src/blog/mattress-without-box-spring.md,Removed link: [slats](https://www.abedderworld.com/bed-slats.html/) -> slats
src/blog/mattress-without-box-spring.md,Removed link: [extra firm](https://www.abedderworld.com/best-extra-firm-mattress.html/) -> extra firm
src/blog/mattress-without-box-spring.md,Removed link: [hypoallergenic](https://www.abedderworld.com/hypoallergenic-mattress.html/) -> hypoallergenic
src/blog/mattress-without-box-spring.md,Removed link: [Memory foam mattresses](https://www.abedderworld.com/king-size-memory-foam-mattress.html/) -> Memory foam mattresses
src/blog/mattress-alternatives.md,Removed link: [cot](https://www.abedderworld.com/cot-mattress.html/) -> cot
src/blog/mattress-alternatives.md,Removed link: [Folding beds or cots](https://www.abedderworld.com/fold-up-bed.html/) -> Folding beds or cots
src/blog/mattress-alternatives.md,Removed link: [hypoallergenic](https://www.abedderworld.com/hypoallergenic-mattress.html/) -> hypoallergenic
src/blog/standard-height-of-a-bed-frame-and-mattress.md,Removed link: [Metal Bed Frame](https://www.abedderworld.com/metal-adjustable-bed-frame.html/) -> Metal Bed Frame
src/blog/standard-height-of-a-bed-frame-and-mattress.md,Removed link: [Bed Slats](https://www.abedderworld.com/bed-slats.html/) -> Bed Slats
src/blog/standard-height-of-a-bed-frame-and-mattress.md,Removed link: [Bed Slats](https://www.abedderworld.com/bed-slats.html/) -> Bed Slats
src/blog/standard-height-of-a-bed-frame-and-mattress.md,Removed link: [low bed frame](https://www.abedderworld.com/low-bed-frames.html/) -> low bed frame
src/blog/standard-height-of-a-bed-frame-and-mattress.md,Removed link: [firmer](https://www.abedderworld.com/best-extra-firm-mattress.html/) -> firmer
src/blog/standard-height-of-a-bed-frame-and-mattress.md,Removed link: [Memory Foam](https://www.abedderworld.com/king-size-memory-foam-mattress.html/) -> Memory Foam
src/blog/japanese-bed-frame.md,Removed link: [beds are either minimalist in design or fold](https://www.abedderworld.com/fold-up-bed.html/) -> beds are either minimalist in design or fold
src/blog/japanese-bed-frame.md,Removed link: [low to the ground](https://www.abedderworld.com/low-bed-frames.html/) -> low to the ground
src/blog/how-to-cut-a-memory-foam-mattress.md,Removed link: [3/4](https://www.abedderworld.com/best-three-quarter-mattresses-to-buy-online.html/) -> 3/4
src/blog/how-to-cut-a-memory-foam-mattress.md,Removed link: [olympic queen](https://www.abedderworld.com/best-olympic-queen-mattresses.html/) -> olympic queen
src/blog/how-to-cut-a-memory-foam-mattress.md,Removed link: [full xl](https://www.abedderworld.com/best-full-xl-mattresses.html/) -> full xl
src/blog/how-much-does-it-cost-to-ship-a-mattress.md,Removed link: [Three-Quarter Mattress](https://www.abedderworld.com/best-three-quarter-mattresses-to-buy-online.html/) -> Three-Quarter Mattress
src/blog/how-much-does-it-cost-to-ship-a-mattress.md,Removed link: [Olympic Queen Mattress](https://www.abedderworld.com/best-olympic-queen-mattresses.html/) -> Olympic Queen Mattress
src/blog/how-much-does-it-cost-to-ship-a-mattress.md,Removed link: [Narrow Twin Mattress](https://www.abedderworld.com/cot-mattress.html/) -> Narrow Twin Mattress
src/blog/how-much-does-it-cost-to-ship-a-mattress.md,Removed link: [Full Xl Mattress](https://www.abedderworld.com/best-full-xl-mattresses.html/) -> Full Xl Mattress
src/blog/most-durable-mattress.md,Removed link: [hypoallergenic](https://www.abedderworld.com/hypoallergenic-mattress.html/) -> hypoallergenic
src/blog/how-to-make-a-couch-from-a-twin-mattress.md,Removed link: [Firmer mattresses](https://www.abedderworld.com/best-extra-firm-mattress.html/) -> Firmer mattresses
src/blog/how-long-can-you-leave-a-memory-foam-mattress-in-the-box.md,Removed link: [Memory foam mattresses](https://www.abedderworld.com/king-size-memory-foam-mattress.html/) -> Memory foam mattresses
src/blog/what-mattress-does-marriott-use-where-to-buy-it.md,Removed link: [firmness](https://www.abedderworld.com/best-extra-firm-mattress.html/) -> firmness
src/blog/what-mattress-does-marriott-use-where-to-buy-it.md,Removed link: [king size](https://www.abedderworld.com/king-size-memory-foam-mattress.html/) -> king size
src/blog/how-to-reinforce-a-bed-frame.md,Removed link: [metal bed frame](https://www.abedderworld.com/metal-adjustable-bed-frame.html/) -> metal bed frame
src/blog/how-to-reinforce-a-bed-frame.md,Removed link: [wooden bed frame](https://www.abedderworld.com/wooden-rustic-platform-beds.html/) -> wooden bed frame
src/blog/rv-replacement-mattress.md,Removed link: [100% natural latex](https://www.abedderworld.com/natural-latex-mattress-toppers.html/) -> 100% natural latex
src/blog/rv-replacement-mattress.md,Removed link: [Three-Quarter](https://www.abedderworld.com/best-three-quarter-mattresses-to-buy-online.html/) -> Three-Quarter
src/blog/rv-replacement-mattress.md,Removed link: [Olympic Queen](https://www.abedderworld.com/best-olympic-queen-mattresses.html/) -> Olympic Queen
src/blog/rv-replacement-mattress.md,Removed link: [extra-firm](https://www.abedderworld.com/best-extra-firm-mattress.html/) -> extra-firm
src/blog/rv-replacement-mattress.md,Removed link: [hypoallergenic](https://www.abedderworld.com/hypoallergenic-mattress.html/) -> hypoallergenic
src/blog/rv-replacement-mattress.md,Removed link: [memory foam](https://www.abedderworld.com/king-size-memory-foam-mattress.html/) -> memory foam
src/blog/how-much-does-a-mattress-weigh.md,Removed link: [Three-Quarter Mattress](https://www.abedderworld.com/best-three-quarter-mattresses-to-buy-online.html/) -> Three-Quarter Mattress
src/blog/how-much-does-a-mattress-weigh.md,Removed link: [Olympic Queen Mattress](https://www.abedderworld.com/best-olympic-queen-mattresses.html/) -> Olympic Queen Mattress
src/blog/how-much-does-a-mattress-weigh.md,Removed link: [Narrow Twin Mattress](https://www.abedderworld.com/cot-mattress.html/) -> Narrow Twin Mattress
src/blog/how-much-does-a-mattress-weigh.md,Removed link: [Full Xl Mattress](https://www.abedderworld.com/best-full-xl-mattresses.html/) -> Full Xl Mattress
src/blog/how-to-get-a-mattress-back-in-its-box.md,Removed link: [latex](https://www.abedderworld.com/natural-latex-mattress-toppers.html/) -> latex
src/blog/how-to-get-a-mattress-back-in-its-box.md,Removed link: [foam mattresses](https://www.abedderworld.com/king-size-memory-foam-mattress.html/) -> foam mattresses
src/blog/worn-out-box-springs.md,Removed link: [slats](https://www.abedderworld.com/bed-slats.html/) -> slats
src/blog/what-happens-if-you-sleep-on-memory-foam-mattress-before-24-hours.md,Removed link: [Memory foam](https://www.abedderworld.com/king-size-memory-foam-mattress.html/) -> Memory foam
src/blog/latex-free-mattress.md,Removed link: [hypoallergenic](https://www.abedderworld.com/hypoallergenic-mattress.html/) -> hypoallergenic
src/blog/latex-free-mattress.md,Removed link: [Memory foam](https://www.abedderworld.com/king-size-memory-foam-mattress.html/) -> Memory foam
