Action,Page,Clicks,Impressions,CTR,Position
Delete,https://www.abedderworld.com/nuzzle-pillow-review.html/,"2,067","62,899",3.3%,9.0
Delete,https://www.abedderworld.com/dormeo-mattress-topper-reviewed-tested.html/,"2,041","161,987",1.3%,18.0
Delete,https://www.abedderworld.com/the-molecule-mattresses-endorsed-by-tom-brady.html/,"1,737","47,323",3.7%,22.0
Delete,https://www.abedderworld.com/can-you-use-plywood-instead-of-a-bunkie-board.html/,"1,660","84,034",2.0%,28.4
Delete,https://www.abedderworld.com/air-mattress-sheets-a-complete-buyer-guide.html/,"1,495","77,552",1.9%,24.2
Delete,https://www.abedderworld.com/what-stores-allow-overnight-parking.html/,"1,285","61,724",2.1%,19.9
Delete,https://www.abedderworld.com/best-mattress-for-hypermobility.html/,"1,216","25,579",4.8%,8.1
Delete,https://www.abedderworld.com/japanese-sleep-guide.html/,"1,097","146,309",0.7%,7.9
Delete,https://www.abedderworld.com/alaskan-king-bed-5-places-to-buy-one-online.html/,758,"344,824",0.2%,18.9
Delete,https://www.abedderworld.com/fold-up-bed.html/,737,"107,086",0.7%,62.0
Delete,https://www.abedderworld.com/all-you-need-to-know-about-polyester-is-it-safe-or-toxic.html/,716,"100,621",0.7%,16.9
Delete,https://www.abedderworld.com/best-mattress-for-spondylolisthesis.html/,585,"8,351",7.0%,10.6
Delete,https://www.abedderworld.com/vibe-mattress-review.html/,566,"46,971",1.2%,31.0
Delete,https://www.abedderworld.com/where-do-squirrels-sleep.html/,547,"83,202",0.7%,9.4
Delete,https://www.abedderworld.com/novilla-mattress-review.html/,546,"74,327",0.7%,15.6
Delete,https://www.abedderworld.com/tempur-pedic-bed-frame.html/,512,"31,618",1.6%,39.9
Delete,https://www.abedderworld.com/best-pack-n-play-mattress.html/,385,"66,807",0.6%,35.8
Delete,https://www.abedderworld.com/cot-mattress.html/,343,"42,614",0.8%,29.0
Delete,https://www.abedderworld.com/how-to-sleep-after-meniscus-surgery.html/,315,"43,942",0.7%,8.4
Delete,https://www.abedderworld.com/4-best-bunkie-boards.html/,306,"36,760",0.8%,64.6
Delete,https://www.abedderworld.com/water-pillow-complete-guide.html/,304,"35,042",0.9%,30.2
Delete,https://www.abedderworld.com/best-ikea-mattresses.html/,299,"47,647",0.6%,62.6
Delete,https://www.abedderworld.com/queen-daybed.html/,293,"55,889",0.5%,48.1
Delete,https://www.abedderworld.com/mattress-for-neuropathy.html/,290,"9,095",3.2%,7.0
Delete,https://www.abedderworld.com/low-bed-frames.html/,290,"118,081",0.2%,62.9
Delete,https://www.abedderworld.com/why-does-my-leg-hurt-when-i-wake-up.html/,280,"116,141",0.2%,22.6
Delete,https://www.abedderworld.com/can-you-put-an-air-mattress-on-a-bed-frame.html/,278,"47,350",0.6%,35.5
Delete,https://www.abedderworld.com/bed-slats.html/,267,"88,122",0.3%,55.7
Delete,https://www.abedderworld.com/how-to-attach-a-headboard-to-a-bed-frame.html/,261,"46,341",0.6%,39.2
Delete,https://www.abedderworld.com/best-bed-frame-for-purple-mattress.html/,255,"34,126",0.7%,46.8
Delete,https://www.abedderworld.com/best-mattress-for-anterior-pelvic-tilt.html/,252,"5,112",4.9%,15.0
Delete,https://www.abedderworld.com/queen-size-loft-bed.html/,235,"66,479",0.4%,54.2
Delete,https://www.abedderworld.com/best-co-sleeping-mattresses-for-bed-sharing.html/,226,"6,989",3.2%,25.8
Delete,https://www.abedderworld.com/eco-friendly-bed-frame.html/,211,"23,211",0.9%,61.4
Delete,https://www.abedderworld.com/metal-adjustable-bed-frame.html/,210,"73,574",0.3%,49.0
Delete,https://www.abedderworld.com/wall-mounted-headboard.html/,205,"29,946",0.7%,47.5
Delete,https://www.abedderworld.com/best-bed-sheets-for-adjustable-beds.html/,203,"53,832",0.4%,59.8
Delete,https://www.abedderworld.com/best-three-quarter-mattresses-to-buy-online.html/,201,"42,276",0.5%,44.3
Delete,https://www.abedderworld.com/wyoming-king-bed.html/,194,"30,406",0.6%,46.6
Delete,https://www.abedderworld.com/trundle-beds.html/,190,"33,143",0.6%,60.9
Delete,https://www.abedderworld.com/sleeping-with-your-feet-elevated.html/,189,"45,620",0.4%,38.6
Delete,https://www.abedderworld.com/king-size-bed-frame-with-headboard.html/,185,"33,361",0.6%,60.6
Delete,https://www.abedderworld.com/most-expensive-mattresses.html/,181,"35,322",0.5%,47.9
Delete,https://www.abedderworld.com/tall-bed-frame.html/,179,"47,464",0.4%,63.6
Delete,https://www.abedderworld.com/texas-king-bed.html/,175,"32,036",0.5%,42.8
Delete,https://www.abedderworld.com/queen-trundle-bed.html/,157,"36,898",0.4%,57.0
Delete,https://www.abedderworld.com/floating-bed-frames.html/,156,"27,738",0.6%,63.3
Delete,https://www.abedderworld.com/bed-sore-creams.html/,154,"19,757",0.8%,53.8
Delete,https://www.abedderworld.com/mid-century-modern-bed-frame.html/,147,"78,007",0.2%,58.0
Delete,https://www.abedderworld.com/best-olympic-queen-mattresses.html/,145,"29,402",0.5%,48.9
Delete,https://www.abedderworld.com/truck-bed-mattress.html/,144,"22,038",0.7%,58.6
Delete,https://www.abedderworld.com/tatami-mat.html/,144,"17,985",0.8%,49.5
Delete,https://www.abedderworld.com/organic-dream-pack-n-play-mattress-review.html/,141,"25,521",0.6%,25.5
Delete,https://www.abedderworld.com/mattress-for-multiple-sclerosis-patients.html/,130,"4,796",2.7%,14.2
Delete,https://www.abedderworld.com/best-daybed-mattress-options.html/,128,"38,542",0.3%,64.6
Delete,https://www.abedderworld.com/double-sided-mattress.html/,127,"24,556",0.5%,69.2
Delete,https://www.abedderworld.com/best-split-queen-mattress.html/,125,"20,726",0.6%,53.7
Delete,https://www.abedderworld.com/best-trundle-bed-mattress.html/,124,"21,066",0.6%,63.0
Delete,https://www.abedderworld.com/best-6-inch-mattress.html/,120,"21,500",0.6%,52.4
Delete,https://www.abedderworld.com/futon-mattresses.html/,119,"127,301",0.1%,48.9
Delete,https://www.abedderworld.com/teenage-bed-frames.html/,116,"29,266",0.4%,63.8
Delete,https://www.abedderworld.com/best-mattress-for-osteoporosis.html/,115,"10,690",1.1%,22.2
Delete,https://www.abedderworld.com/california-king-bed-frame.html/,115,"16,638",0.7%,60.5
Delete,https://www.abedderworld.com/best-full-xl-mattresses.html/,113,"31,446",0.4%,52.7
Delete,https://www.abedderworld.com/bed-bridge-how-to-use-and-where-to-buy.html/,113,"12,444",0.9%,17.1
Delete,https://www.abedderworld.com/dorm-headboards.html/,111,"30,948",0.4%,41.8
Delete,https://www.abedderworld.com/bassinet-mattress.html/,111,"12,346",0.9%,51.4
Delete,https://www.abedderworld.com/non-toxic-mattress-topper.html/,105,"20,403",0.5%,68.8
Delete,https://www.abedderworld.com/floor-sofa.html/,104,"25,063",0.4%,53.0
Delete,https://www.abedderworld.com/sleep-tight.html/,102,"98,608",0.1%,16.0
Delete,https://www.abedderworld.com/5-best-8-inch-thick-memory-foam-mattresses.html/,102,"14,370",0.7%,54.1
Delete,https://www.abedderworld.com/water-bed-online-buyer-guide.html/,100,"66,932",0.1%,38.1
Delete,https://www.abedderworld.com/how-to-wash-a-tempurpedic-pillow.html/,96,"31,274",0.3%,24.8
Delete,https://www.abedderworld.com/how-to-sleep-with-broken-ribs.html/,94,"17,445",0.5%,23.5
Delete,https://www.abedderworld.com/best-donut-pillow.html/,93,"23,831",0.4%,47.0
Delete,https://www.abedderworld.com/rv-king-mattress.html/,93,"20,523",0.5%,59.2
Delete,https://www.abedderworld.com/best-mattresses-for-migraines.html/,93,"2,503",3.7%,19.7
Delete,https://www.abedderworld.com/best-mattress-for-kyphosis.html/,92,"23,788",0.4%,2.6
Delete,https://www.abedderworld.com/triple-bunk-bed.html/,91,"37,615",0.2%,57.9
Delete,https://www.abedderworld.com/vibrating-bed-frames.html/,88,"16,446",0.5%,34.6
Delete,https://www.abedderworld.com/best-short-queen-mattress.html/,85,"27,809",0.3%,65.0
Delete,https://www.abedderworld.com/bunk-bed-mattress.html/,85,"25,437",0.3%,75.4
Delete,https://www.abedderworld.com/best-euro-top-mattress-online-2021.html/,85,"10,466",0.8%,38.5
Delete,https://www.abedderworld.com/best-bed-frames-for-a-memory-foam-mattress.html/,84,"41,416",0.2%,54.3
Delete,https://www.abedderworld.com/family-bed.html/,84,"9,763",0.9%,60.1
Delete,https://www.abedderworld.com/best-bed-frames-for-a-casper-mattress.html/,77,"22,445",0.3%,51.8
Delete,https://www.abedderworld.com/zinus-green-tea-mattress-review.html/,76,"42,915",0.2%,42.4
Delete,https://www.abedderworld.com/mens-bed-frames.html/,76,"15,708",0.5%,35.8
Delete,https://www.abedderworld.com/egg-crate-mattress-toppers.html/,72,"45,647",0.2%,47.0
Delete,https://www.abedderworld.com/hospital-bed-mattress.html/,70,"14,818",0.5%,63.1
Delete,https://www.abedderworld.com/best-low-profile-box-spring.html/,68,"39,960",0.2%,47.4
Delete,https://www.abedderworld.com/air-mattress-topper.html/,67,"14,617",0.5%,43.9
Delete,https://www.abedderworld.com/copper-infused-mattress.html/,65,"11,190",0.6%,51.8
Delete,https://www.abedderworld.com/leg-elevation-pillow.html/,65,"14,494",0.4%,53.9
Delete,https://www.abedderworld.com/7-best-car-air-mattresses-buyer-guide.html/,62,"23,325",0.3%,52.5
Delete,https://www.abedderworld.com/full-xl-sheets.html/,61,"30,810",0.2%,50.8
Delete,https://www.abedderworld.com/semi-truck-mattress.html/,61,"27,227",0.2%,65.4
Delete,https://www.abedderworld.com/walmart-mattress-buyers-guide.html/,60,"31,526",0.2%,47.1
Delete,https://www.abedderworld.com/top-6-best-single-size-mattress-options-2020.html/,59,"21,996",0.3%,61.7
Delete,https://www.abedderworld.com/race-car-bed.html/,59,"39,023",0.2%,51.4
Delete,https://www.abedderworld.com/best-super-single-mattress.html/,58,"10,808",0.5%,55.9
Delete,https://www.abedderworld.com/murphy-bed-mattress.html/,57,"17,074",0.3%,78.0
Delete,https://www.abedderworld.com/best-mattress-for-bed-sores-pressure-ulcers.html/,57,"14,857",0.4%,59.5
Delete,https://www.abedderworld.com/can-you-sleep-with-a-waist-trainer-on.html/,56,"47,447",0.1%,21.4
Delete,https://www.abedderworld.com/bunk-beds-sizes-and-dimensions.html/,56,"34,128",0.2%,53.7
Delete,https://www.abedderworld.com/best-10-inch-thick-mattress-options.html/,56,"4,372",1.3%,45.0
Delete,https://www.abedderworld.com/best-pocketed-coil-mattress.html/,55,"12,506",0.4%,64.5
Delete,https://www.abedderworld.com/top-chiropractor-recommended-mattresses.html/,55,"10,259",0.5%,53.1
Delete,https://www.abedderworld.com/quad-bunk-beds.html/,53,"18,606",0.3%,46.5
Delete,https://www.abedderworld.com/tempurpedic-alternatives.html/,52,"25,074",0.2%,44.1
Delete,https://www.abedderworld.com/10-inch-vs-12-inch-mattresses.html/,52,"16,657",0.3%,33.3
Delete,https://www.abedderworld.com/king-size-memory-foam-mattress.html/,49,"37,892",0.1%,80.1
Delete,https://www.abedderworld.com/best-bed-rails-for-seniors.html/,48,"22,509",0.2%,71.5
Delete,https://www.abedderworld.com/shikibuton-japanese-futon.html/,48,"14,432",0.3%,62.0
Delete,https://www.abedderworld.com/best-bed-frame-for-a-latex-mattress.html/,47,"6,130",0.8%,53.5
Delete,https://www.abedderworld.com/dakimakura-pillow.html/,47,"8,984",0.5%,55.6
Delete,https://www.abedderworld.com/montessori-bed.html/,47,"3,237",1.5%,57.1
Delete,https://www.abedderworld.com/husband-pillow.html/,45,"47,720",0.1%,62.8
Delete,https://www.abedderworld.com/full-xl-mattress-topper.html/,45,"7,969",0.6%,53.4
Delete,https://www.abedderworld.com/car-pillows.html/,42,"8,517",0.5%,64.4
Delete,https://www.abedderworld.com/best-rv-bunk-mattresses.html/,41,"22,134",0.2%,53.1
Delete,https://www.abedderworld.com/mattress-without-memory-foam.html/,40,"8,469",0.5%,54.9
Delete,https://www.abedderworld.com/the-best-smart-bed-frames-smart-mattresses.html/,37,"13,919",0.3%,61.3
Delete,https://www.abedderworld.com/mattresses-for-an-antique-bed.html/,37,"7,867",0.5%,66.3
Delete,https://www.abedderworld.com/18-beautiful-slatted-bed-bases-that-do-not-require-a-box-spring.html/,36,"20,195",0.2%,58.6
Delete,https://www.abedderworld.com/best-wool-mattress-pads-toppers.html/,36,"9,831",0.4%,68.0
Delete,https://www.abedderworld.com/mattress-for-a-disabled-person.html/,35,"7,327",0.5%,52.5
Delete,https://www.abedderworld.com/bed-wedge.html/,34,"22,813",0.1%,66.2
Delete,https://www.abedderworld.com/best-mattress-for-degenerative-disc-disease.html/,34,"4,813",0.7%,31.0
Delete,https://www.abedderworld.com/minimalist-bed-frame.html/,34,"21,998",0.2%,75.0
Delete,https://www.abedderworld.com/best-mattress-topper-for-stomach-sleepers.html/,33,"5,608",0.6%,50.2
Delete,https://www.abedderworld.com/25-bed-frames-you-can-use-without-a-box-spring.html/,32,"33,401",0.1%,55.5
Delete,https://www.abedderworld.com/6-best-wedge-pillow-options-2020.html/,32,"9,707",0.3%,74.2
Delete,https://www.abedderworld.com/best-mattress-for-a-smaller-lightweight-skinny-person.html/,32,"6,205",0.5%,67.3
Delete,https://www.abedderworld.com/best-mattress-topper-for-heavy-person.html/,32,"4,115",0.8%,55.4
Delete,https://www.abedderworld.com/5-best-bed-coolers-ultimate-buying-guide.html/,31,"15,236",0.2%,65.6
Delete,https://www.abedderworld.com/best-split-california-king-mattress.html/,31,"10,556",0.3%,59.6
Delete,https://www.abedderworld.com/victorian-bed-frame-buyer-guide.html/,31,"9,051",0.3%,43.0
Delete,https://www.abedderworld.com/japanese-buckwheat-pillow.html/,30,"15,890",0.2%,61.2
Delete,https://www.abedderworld.com/rv-short-queen-mattress-topper.html/,30,"14,843",0.2%,57.2
Delete,https://www.abedderworld.com/thin-mattress.html/,29,"17,220",0.2%,57.3
Delete,https://www.abedderworld.com/best-mattress-for-herniated-disc.html/,28,"13,594",0.2%,65.9
Delete,https://www.abedderworld.com/best-12-inch-mattress-options-to-buy-online.html/,28,"3,529",0.8%,58.3
Delete,https://www.abedderworld.com/black-bed-frame.html/,28,"21,018",0.1%,63.7
Delete,https://www.abedderworld.com/do-two-twin-beds-together-make-a-king.html/,27,"117,281",0.0%,33.1
Delete,https://www.abedderworld.com/which-side-to-sleep-on-with-a-ruptured-eardrum.html/,27,"70,237",0.0%,7.4
Delete,https://www.abedderworld.com/som-sleep-drink-review.html/,27,"11,020",0.2%,30.5
Delete,https://www.abedderworld.com/coccyx-pillow.html/,27,"7,567",0.4%,61.8
Delete,https://www.abedderworld.com/twin-bed-frame.html/,25,"35,842",0.1%,71.4
Delete,https://www.abedderworld.com/the-best-mattress-for-a-tall-person.html/,24,"21,126",0.1%,47.4
Delete,https://www.abedderworld.com/round-mattress-buyers-guide-where-to-buy-online.html/,24,"10,499",0.2%,58.2
Delete,https://www.abedderworld.com/rattan-bed-frame.html/,24,"7,425",0.3%,60.7
Delete,https://www.abedderworld.com/full-over-full-bunk-beds.html/,23,"32,019",0.1%,58.3
Delete,https://www.abedderworld.com/crystals-for-sleep.html/,22,"12,035",0.2%,69.7
Delete,https://www.abedderworld.com/storage-beds.html/,22,"7,509",0.3%,66.0
Delete,https://www.abedderworld.com/split-queen-box-spring.html/,21,"30,348",0.1%,72.5
Delete,https://www.abedderworld.com/soft-bed-frames.html/,21,"11,399",0.2%,66.0
Delete,https://www.abedderworld.com/best-mattress-for-people-with-poor-circulation.html/,20,"4,318",0.5%,32.3
Delete,https://www.abedderworld.com/boho-bed-frame.html/,20,"23,392",0.1%,40.7
Delete,https://www.abedderworld.com/best-camping-bed.html/,19,"19,343",0.1%,76.9
Delete,https://www.abedderworld.com/round-bed-frames.html/,19,"18,253",0.1%,62.1
Delete,https://www.abedderworld.com/how-to-sleep-with-intercostal-muscle-strain.html/,17,"28,553",0.1%,13.7
Delete,https://www.abedderworld.com/best-van-tents-that-attach-to-the-top-of-your-van.html/,17,"14,899",0.1%,16.6
Delete,https://www.abedderworld.com/best-mattress-for-airbnb.html/,17,"11,874",0.1%,58.7
Delete,https://www.abedderworld.com/how-to-sleep-with-piriformis-syndrome.html/,17,"11,008",0.2%,27.0
Delete,https://www.abedderworld.com/best-14-inch-thick-mattress.html/,17,"2,378",0.7%,53.6
Delete,https://www.abedderworld.com/natural-latex-mattress-toppers.html/,17,"28,881",0.1%,70.3
Delete,https://www.abedderworld.com/mattress-without-springs.html/,16,"15,535",0.1%,64.6
Delete,https://www.abedderworld.com/best-mattress-topper-for-back-pain.html/,16,"13,490",0.1%,75.1
Delete,https://www.abedderworld.com/do-ants-sleep.html/,15,"27,071",0.1%,16.3
Delete,https://www.abedderworld.com/the-russian-sleep-experiment.html/,15,"10,440",0.1%,68.9
Delete,https://www.abedderworld.com/grey-bed-frame.html/,15,"41,909",0.0%,59.0
Delete,https://www.abedderworld.com/cal-king-mattress-topper.html/,15,"7,009",0.2%,50.0
Delete,https://www.abedderworld.com/bed-frame-cover.html/,14,"1,978",0.7%,40.6
Delete,https://www.abedderworld.com/light-wood-bed-frames.html/,13,"14,031",0.1%,64.3
Delete,https://www.abedderworld.com/beige-bed-frames.html/,13,"4,550",0.3%,59.3
Delete,https://www.abedderworld.com/memory-foam-futon-mattress.html/,12,"17,328",0.1%,64.5
Delete,https://www.abedderworld.com/category/mattress-reviews/,12,749,1.6%,22.6
Delete,https://www.abedderworld.com/wooden-rustic-platform-beds.html/,11,"13,546",0.1%,67.8
Delete,https://www.abedderworld.com/extra-firm-mattress-topper.html/,10,"23,073",0.0%,63.5
Delete,https://www.abedderworld.com/best-extra-firm-mattress.html/,9,"19,783",0.0%,85.2
Delete,https://www.abedderworld.com/best-mattres-for-platform-bed.html/,9,"14,245",0.1%,69.6
Delete,https://www.abedderworld.com/satin-sheets.html/,9,"9,816",0.1%,54.5
Delete,https://www.abedderworld.com/best-mattress-for-side-sleepers-with-shoulder-pain.html/,8,"29,176",0.0%,71.0
Delete,https://www.abedderworld.com/best-twin-mattress-for-kids.html/,8,"14,109",0.1%,83.2
Delete,https://www.abedderworld.com/duvet-inserts.html/,8,"7,320",0.1%,79.4
Delete,https://www.abedderworld.com/cotton-mattresses.html/,8,"12,038",0.1%,64.1
Delete,https://www.abedderworld.com/gold-bed-frame.html/,8,"8,315",0.1%,44.8
Delete,https://www.abedderworld.com/8-best-floor-mattress-options-of-2020.html/,7,"12,923",0.1%,71.9
Delete,https://www.abedderworld.com/queen-mattress-under-500.html/,7,"11,577",0.1%,58.3
Delete,https://www.abedderworld.com/7-best-princess-beds-to-buy-online.html/,6,"39,079",0.0%,59.1
Delete,https://www.abedderworld.com/best-mattress-topper-for-side-sleepers.html/,6,"22,528",0.0%,70.0
Delete,https://www.abedderworld.com/7-best-fiberglass-free-mattresses-buyer-guide.html/,6,"20,366",0.0%,64.9
Delete,https://www.abedderworld.com/the-best-innerspring-mattresses-under-500.html/,6,"16,219",0.0%,73.1
Delete,https://www.abedderworld.com/7-best-toddler-mattresses.html/,6,"15,395",0.0%,70.4
Delete,https://www.abedderworld.com/category/sleep-product-reviews/,6,541,1.1%,23.8
Delete,https://www.abedderworld.com/do-horses-sleep-standing-up.html/,5,"20,050",0.0%,58.9
Delete,https://www.abedderworld.com/6-best-guest-bed-mattress.html/,5,"18,932",0.0%,61.7
Delete,https://www.abedderworld.com/what-happens-when-you-sleep-high.html/,5,"12,579",0.0%,58.9
Delete,https://www.abedderworld.com/memory-foam-crib-mattress.html/,5,"9,845",0.1%,57.4
Delete,https://www.abedderworld.com/7-best-tight-top-mattresses-to-buy-online-2023-tested-reviewed.html/,5,"3,588",0.1%,49.6
Delete,https://www.abedderworld.com/twin-pillow-top-mattress.html/,4,"11,995",0.0%,72.3
Delete,https://www.abedderworld.com/how-to-fluff-a-pillow.html/,4,"11,689",0.0%,53.6
Delete,https://www.abedderworld.com/best-king-mattress-under-1000.html/,4,"9,657",0.0%,58.5
Delete,https://www.abedderworld.com/best-queen-mattress-under-1000.html/,4,"8,946",0.0%,65.7
Delete,https://www.abedderworld.com/best-van-mattress.html/,4,"8,840",0.0%,70.0
Delete,https://www.abedderworld.com/upholstered-bed-frames.html/,4,"22,694",0.0%,79.2
Delete,https://www.abedderworld.com/toddler-bed-frame.html/,4,"6,894",0.1%,63.7
Delete,https://www.abedderworld.com/tufted-bed-frame.html/,4,"5,032",0.1%,72.1
Delete,https://www.abedderworld.com/gel-memory-foam-mattress.html/,3,"20,463",0.0%,71.3
Delete,https://www.abedderworld.com/gel-memory-foam-mattress-topper.html/,3,"10,108",0.0%,78.7
Delete,https://www.abedderworld.com/top-mattress-picks.html/,3,"9,154",0.0%,82.8
Delete,https://www.abedderworld.com/mini-crib-mattress.html/,3,"5,218",0.1%,56.3
Delete,https://www.abedderworld.com/cotton-comforter.html/,3,"3,505",0.1%,68.9
Delete,https://www.abedderworld.com/organic-crib-sheets.html/,3,"2,749",0.1%,63.6
Delete,https://www.abedderworld.com/best-pillow-top-mattress.html/,2,"36,438",0.0%,73.7
Delete,https://www.abedderworld.com/best-pregnancy-mattresses.html/,2,"13,822",0.0%,68.7
Delete,https://www.abedderworld.com/vegan-mattress.html/,2,"7,185",0.0%,64.2
Delete,https://www.abedderworld.com/hypoallergenic-mattress.html/,2,"6,372",0.0%,79.7
Delete,https://www.abedderworld.com/mattress-mack-net-worth.html/,2,"2,210",0.1%,16.3
Delete,https://www.abedderworld.com/how-much-should-a-weighted-blanket-weigh.html/,1,"42,913",0.0%,61.4
Delete,https://www.abedderworld.com/how-do-whales-sleep.html/,1,"26,233",0.0%,31.5
Delete,https://www.abedderworld.com/twin-memory-foam-mattress.html/,1,"23,676",0.0%,77.5
Delete,https://www.abedderworld.com/california-king-memory-foam-mattress.html/,1,"14,542",0.0%,71.2
Delete,https://www.abedderworld.com/eastern-king-mattress.html/,1,"7,862",0.0%,62.0
Delete,https://www.abedderworld.com/full-size-innerspring-mattress.html/,1,"6,254",0.0%,61.8
Delete,https://www.abedderworld.com/best-split-king-mattress.html/,1,"4,736",0.0%,67.7
Delete,https://www.abedderworld.com/organic-crib-mattress-buyer-guide.html/?utm_source=rss&utm_medium=rss&utm_campaign=organic-crib-mattress-buyer-guide,1,"2,531",0.0%,76.6
Delete,https://www.abedderworld.com/bed-lift.html/,1,"1,422",0.1%,62.6
Delete,https://www.abedderworld.com/extra-deep-pocket-sheets.html/,1,25,4.0%,28.4
Delete,https://www.abedderworld.com/shop/,1,8,12.5%,35.3
Delete,https://www.abedderworld.com/twin-xl-mattress-topper.html/,1,"13,394",0.0%,70.2
Delete,https://www.abedderworld.com/white-bed-frame.html/,1,"8,083",0.0%,66.3
Delete,https://www.abedderworld.com/canopy-bed.html/,1,"1,597",0.1%,65.6
Delete,https://www.abedderworld.com/can-you-sleep-with-a-tampon-in.html/,0,"33,239",0.0%,73.2
Delete,https://www.abedderworld.com/is-6-hours-of-sleep-enough.html/,0,"10,556",0.0%,73.9
Delete,https://www.abedderworld.com/best-twin-mattress-for-adults.html/,0,"6,880",0.0%,78.5
Delete,https://www.abedderworld.com/double-bed-mattress.html/,0,"6,512",0.0%,61.5
Delete,https://www.abedderworld.com/king-size-air-mattresses.html/?utm_source=rss&utm_medium=rss&utm_campaign=king-size-air-mattresses,0,"1,815",0.0%,80.2
Delete,https://www.abedderworld.com/japanese-sleep-guide.html/#Learn_to_Sleep_Like_the_Japanese_The_Ultimate_Japanese_Sleep_Guide,0,135,0.0%,8.9
Delete,https://www.abedderworld.com/japanese-sleep-guide.html/#Common_Sleep_Products_the_Japanese_Use,0,123,0.0%,8.9
Delete,https://www.abedderworld.com/japanese-sleep-guide.html/#Quick_Takeaways,0,122,0.0%,8.9
Delete,https://www.abedderworld.com/bed-bugs-in-pillow.html/#How_to_Get_Rid_of_Bed_Bugs_in_Your_Pillow_5_Easy_Steps,0,120,0.0%,10.2
Delete,https://www.abedderworld.com/bed-bugs-in-pillow.html/#Other_FAQs_About_Getting_Bed_Bugs_off_Pillows,0,120,0.0%,10.2
Delete,https://www.abedderworld.com/japanese-sleep-guide.html/#Common_Practices_in_a_Japanese_Sleep_Routine,0,118,0.0%,8.9
Delete,https://www.abedderworld.com/category/mattress-reviews/page/4/,0,117,0.0%,28.9
Delete,https://www.abedderworld.com/japanese-sleep-guide.html/#History_of_Japanese_Sleep,0,117,0.0%,8.9
Delete,https://www.abedderworld.com/japanese-sleep-guide.html/#Advantages_Disadvantages_of_Japanese_Sleep_Practices,0,106,0.0%,8.9
Delete,https://www.abedderworld.com/japanese-sleep-guide.html/#Why_the_Japanese_are_so_well_known_for_their_quality_sleep,0,106,0.0%,8.9
Delete,https://www.abedderworld.com/bed-bugs-in-pillow.html/#1_Identify_the_infestation,0,105,0.0%,10.1
Delete,https://www.abedderworld.com/bed-bugs-in-pillow.html/#3_Treat_the_pillows,0,105,0.0%,10.1
Delete,https://www.abedderworld.com/bed-bugs-in-pillow.html/#4_Clean_the_surrounding_area,0,105,0.0%,10.1
Delete,https://www.abedderworld.com/mattress-and-back-pain.html/,0,104,0.0%,41.8
Delete,https://www.abedderworld.com/renting-a-mattress.html/#Guide_to_Renting_a_Mattress_6_Places_That_Rent_Them_How_it_Works,0,54,0.0%,11.6
Delete,https://www.abedderworld.com/renting-a-mattress.html/#Common_Reasons_to_Rent_a_Mattress,0,49,0.0%,11.5
Delete,https://www.abedderworld.com/how-much-does-a-mattress-weigh.html/#Mattress_Weight_by_Material,0,43,0.0%,4.9
Delete,https://www.abedderworld.com/renting-a-mattress.html/#1_Rent-A_Center,0,41,0.0%,11.3
Delete,https://www.abedderworld.com/how-to-raise-bed-higher-bed-risers-and-alternatives.html/#Bed_Riser_Alternatives,0,38,0.0%,9.2
Delete,https://www.abedderworld.com/how-to-raise-bed-higher-bed-risers-and-alternatives.html/#How_To_Raise_a_Bed_Up_Higher_Bed_Risers_Alternatives,0,38,0.0%,9.2
Delete,https://www.abedderworld.com/renting-a-mattress.html/#3_Buddy_Rents,0,36,0.0%,11.8
Delete,https://www.abedderworld.com/how-to-raise-bed-higher-bed-risers-and-alternatives.html/#What_Are_Bed_Risers,0,33,0.0%,9.6
Delete,https://www.abedderworld.com/how-to-raise-bed-higher-bed-risers-and-alternatives.html/#Is_It_Possible_To_Raise_a_Bed_Without_Legs,0,32,0.0%,9.2
Delete,https://www.abedderworld.com/how-to-raise-bed-higher-bed-risers-and-alternatives.html/#Raising_a_Bed_With_Bed_Raisers,0,29,0.0%,9.5
Delete,https://www.abedderworld.com/renting-a-mattress.html/#2_CORT,0,28,0.0%,11.5
Delete,https://www.abedderworld.com/renting-a-mattress.html/#4_Aarons,0,28,0.0%,11.5
Delete,https://www.abedderworld.com/mpg_app-integration-with-mycoolapp/,0,17,0.0%,11.2
Delete,https://www.abedderworld.com/category/mattress-reviews/page/2/,0,6,0.0%,19.3
Delete,https://www.abedderworld.com/personalized-mattress-recommendation/,0,6,0.0%,20.8
Delete,https://www.abedderworld.com/mattress-thickness-guide-everything-you-need-to-know.html/,0,5,0.0%,11.8
Delete,https://www.abedderworld.com/canopy-bed.html/?utm_source=rss&utm_medium=rss&utm_campaign=canopy-bed,0,4,0.0%,8.5
Delete,https://www.abedderworld.com/gd-details/,0,3,0.0%,12.7
Delete,https://www.abedderworld.com/how-much-does-it-cost-to-ship-a-mattress.html/#How_Much_Does_it_Cost_To_Ship_a_Mattress_UPS_FEDEX_USPS_Pricing,0,3,0.0%,6.3
Delete,https://www.abedderworld.com/how-much-does-it-cost-to-ship-a-mattress.html/#How_Much_Does_it_Cost_to_Ship_a_Mattress_Price_Chart,0,3,0.0%,6.3
Delete,https://www.abedderworld.com/better-sleep-tips.html/,0,2,0.0%,36.5
Delete,https://www.abedderworld.com/explore-beautiful-mpg_city-of-mpg_state_name-2/,0,2,0.0%,55.0
Delete,https://www.abedderworld.com/how-much-does-it-cost-to-ship-a-mattress.html/#Distance_How_it_Impacts_the_Cost_of_Shipping_a_Mattress,0,2,0.0%,7.0
Delete,https://www.abedderworld.com/how-much-does-it-cost-to-ship-a-mattress.html/#Is_Shipping_a_Mattress_Really_Worth_It,0,2,0.0%,7.0
Delete,https://www.abedderworld.com/how-much-does-it-cost-to-ship-a-mattress.html/#Shipping_a_Mattress_Step-by-Step_Guide,0,2,0.0%,7.0
Delete,https://www.abedderworld.com/how-much-does-it-cost-to-ship-a-mattress.html/#The_Best_Way_To_Protect_a_Mattress_During_Shipping,0,2,0.0%,7.0
Delete,https://www.abedderworld.com/how-much-does-it-cost-to-ship-a-mattress.html/#The_Cost_of_Shipping_Odd_size_Mattresses,0,2,0.0%,7.0
Delete,https://www.abedderworld.com/nitropack_static/RJFCANupxLqALCYExLvfWvXqQOYfZIOf/assets/images/optimized/rev-fac6f85/i0.wp.com/www.abedderworld.com/wp-content/uploads/2023/03/cab1f0ba8f4014ad869343d09b644c55.Add-a-heading-2023-03-22T134930.843.png,0,2,0.0%,1.0
Delete,https://www.abedderworld.com/all-you-need-to-know-about-polyester-is-it-safe-or-toxic.html,0,1,0.0%,1.0
Delete,https://www.abedderworld.com/category/mattress-disposal/page/6/,0,1,0.0%,70.0
Delete,https://www.abedderworld.com/explore-beautiful-mpg_city-of-mpg_state_name-3/,0,1,0.0%,10.0
Delete,https://www.abedderworld.com/nitropack_static/RJFCANupxLqALCYExLvfWvXqQOYfZIOf/assets/images/optimized/rev-fac6f85/i0.wp.com/www.abedderworld.com/wp-content/uploads/2023/02/5de38dea61b68fd80e00de409ab850b1.Add-a-heading-84.png,0,1,0.0%,1.0
Delete,https://www.abedderworld.com/nitropack_static/RJFCANupxLqALCYExLvfWvXqQOYfZIOf/assets/images/optimized/rev-fac6f85/www.abedderworld.com/wp-content/uploads/2023/01/Screen-Shot-2023-01-22-at-11.31.14-AM-1024x430.png,0,1,0.0%,1.0
Delete,https://www.abedderworld.com/how-to-get-rid-of-a-mattress-in-long-beach-ca-5-local-options.html/,0,9,0.0%,22.9
Delete,https://www.abedderworld.com/feather-pillows.html/,0,"1,103",0.0%,72.3
Delete,https://www.abedderworld.com/new-mattress-or-mattress-topper.html/,0,3,0.0%,62.0
